# qwen4exp-gpu-gate	binary_sha256=26527d2d95a3c3ed601bf679f80207f121e936e93b5fcd0bdd2b5d67e67bb43f	policy=max_abs<=0.01 max_rel<=0.01 argmax	prompt_len=18	decode_steps=7	vocab=64	plan=tiny(qwen4_exp pack)	arms=fixture,dir-bf16,dir-nvfp4-stacked,dir-nvfp4-perexpert	tokens=[1, 7, 13, 2, 41, 9, 30, 5, 22, 63, 11, 3, 47, 8, 19, 26, 4, 35, 12, 55, 63, 6, 28, 40, 17]
fixture	prefill	row=0	max_abs=1.365e-4	max_rel=1.365e-4	ref_absmax=3.548e-1	argmax_match=true	pass=true
fixture	prefill	row=1	max_abs=1.919e-4	max_rel=1.919e-4	ref_absmax=5.781e-1	argmax_match=true	pass=true
fixture	prefill	row=2	max_abs=2.218e-4	max_rel=2.218e-4	ref_absmax=4.774e-1	argmax_match=true	pass=true
fixture	prefill	row=3	max_abs=5.083e-4	max_rel=5.083e-4	ref_absmax=4.678e-1	argmax_match=true	pass=true
fixture	prefill	row=4	max_abs=1.605e-4	max_rel=1.605e-4	ref_absmax=6.485e-1	argmax_match=true	pass=true
fixture	prefill	row=5	max_abs=3.218e-4	max_rel=3.218e-4	ref_absmax=3.304e-1	argmax_match=true	pass=true
fixture	prefill	row=6	max_abs=1.818e-4	max_rel=1.818e-4	ref_absmax=4.845e-1	argmax_match=true	pass=true
fixture	prefill	row=7	max_abs=1.998e-4	max_rel=1.998e-4	ref_absmax=2.527e-1	argmax_match=true	pass=true
fixture	prefill	row=8	max_abs=1.634e-4	max_rel=1.634e-4	ref_absmax=3.660e-1	argmax_match=true	pass=true
fixture	prefill	row=9	max_abs=1.481e-4	max_rel=1.481e-4	ref_absmax=5.774e-1	argmax_match=true	pass=true
fixture	prefill	row=10	max_abs=2.635e-4	max_rel=2.635e-4	ref_absmax=2.463e-1	argmax_match=true	pass=true
fixture	prefill	row=11	max_abs=1.968e-4	max_rel=1.968e-4	ref_absmax=4.141e-1	argmax_match=true	pass=true
fixture	prefill	row=12	max_abs=1.141e-4	max_rel=1.141e-4	ref_absmax=4.303e-1	argmax_match=true	pass=true
fixture	prefill	row=13	max_abs=4.795e-4	max_rel=4.795e-4	ref_absmax=3.842e-1	argmax_match=true	pass=true
fixture	prefill	row=14	max_abs=2.244e-4	max_rel=2.244e-4	ref_absmax=3.082e-1	argmax_match=true	pass=true
fixture	prefill	row=15	max_abs=1.504e-4	max_rel=1.504e-4	ref_absmax=5.218e-1	argmax_match=true	pass=true
fixture	prefill	row=16	max_abs=3.244e-4	max_rel=3.244e-4	ref_absmax=3.845e-1	argmax_match=true	pass=true
fixture	prefill	row=17	max_abs=2.590e-4	max_rel=2.590e-4	ref_absmax=3.701e-1	argmax_match=true	pass=true
fixture	decode-step	row=18	max_abs=1.158e-4	max_rel=1.158e-4	ref_absmax=4.642e-1	argmax_match=true	pass=true
fixture	decode-step	row=19	max_abs=8.334e-5	max_rel=8.334e-5	ref_absmax=5.174e-1	argmax_match=true	pass=true
fixture	decode-step	row=20	max_abs=5.265e-5	max_rel=5.265e-5	ref_absmax=3.328e-1	argmax_match=true	pass=true
fixture	decode-step	row=21	max_abs=4.695e-5	max_rel=4.695e-5	ref_absmax=3.948e-1	argmax_match=true	pass=true
fixture	decode-step	row=22	max_abs=3.567e-5	max_rel=3.567e-5	ref_absmax=2.910e-1	argmax_match=true	pass=true
fixture	decode-step	row=23	max_abs=7.336e-5	max_rel=7.336e-5	ref_absmax=2.996e-1	argmax_match=true	pass=true
fixture	decode-step	row=24	max_abs=3.967e-5	max_rel=3.967e-5	ref_absmax=5.206e-1	argmax_match=true	pass=true
dir-bf16	prefill	row=0	max_abs=9.745e-6	max_rel=9.745e-6	ref_absmax=4.264e-1	argmax_match=true	pass=true
dir-bf16	prefill	row=1	max_abs=5.490e-5	max_rel=5.490e-5	ref_absmax=5.922e-1	argmax_match=true	pass=true
dir-bf16	prefill	row=2	max_abs=2.557e-5	max_rel=2.557e-5	ref_absmax=7.806e-1	argmax_match=true	pass=true
dir-bf16	prefill	row=3	max_abs=3.576e-5	max_rel=3.576e-5	ref_absmax=8.160e-1	argmax_match=true	pass=true
dir-bf16	prefill	row=4	max_abs=4.807e-5	max_rel=4.807e-5	ref_absmax=7.501e-1	argmax_match=true	pass=true
dir-bf16	prefill	row=5	max_abs=2.140e-5	max_rel=2.140e-5	ref_absmax=5.741e-1	argmax_match=true	pass=true
dir-bf16	prefill	row=6	max_abs=2.995e-5	max_rel=2.995e-5	ref_absmax=5.704e-1	argmax_match=true	pass=true
dir-bf16	prefill	row=7	max_abs=1.174e-5	max_rel=1.174e-5	ref_absmax=5.255e-1	argmax_match=true	pass=true
dir-bf16	prefill	row=8	max_abs=1.234e-5	max_rel=1.234e-5	ref_absmax=8.097e-1	argmax_match=true	pass=true
dir-bf16	prefill	row=9	max_abs=1.363e-5	max_rel=1.363e-5	ref_absmax=6.472e-1	argmax_match=true	pass=true
dir-bf16	prefill	row=10	max_abs=1.892e-5	max_rel=1.892e-5	ref_absmax=2.908e-1	argmax_match=true	pass=true
dir-bf16	prefill	row=11	max_abs=2.795e-5	max_rel=2.795e-5	ref_absmax=1.049e0	argmax_match=true	pass=true
dir-bf16	prefill	row=12	max_abs=2.274e-5	max_rel=2.274e-5	ref_absmax=2.663e-1	argmax_match=true	pass=true
dir-bf16	prefill	row=13	max_abs=4.417e-5	max_rel=4.417e-5	ref_absmax=8.497e-1	argmax_match=true	pass=true
dir-bf16	prefill	row=14	max_abs=8.355e-5	max_rel=8.355e-5	ref_absmax=6.656e-1	argmax_match=true	pass=true
dir-bf16	prefill	row=15	max_abs=1.395e-5	max_rel=1.395e-5	ref_absmax=4.896e-1	argmax_match=true	pass=true
dir-bf16	prefill	row=16	max_abs=2.830e-5	max_rel=2.830e-5	ref_absmax=7.245e-1	argmax_match=true	pass=true
dir-bf16	prefill	row=17	max_abs=7.495e-6	max_rel=7.495e-6	ref_absmax=5.093e-1	argmax_match=true	pass=true
dir-bf16	decode-step	row=18	max_abs=1.291e-5	max_rel=1.291e-5	ref_absmax=4.494e-1	argmax_match=true	pass=true
dir-bf16	decode-step	row=19	max_abs=2.292e-5	max_rel=2.292e-5	ref_absmax=4.252e-1	argmax_match=true	pass=true
dir-bf16	decode-step	row=20	max_abs=1.428e-5	max_rel=1.428e-5	ref_absmax=4.609e-1	argmax_match=true	pass=true
dir-bf16	decode-step	row=21	max_abs=1.371e-6	max_rel=1.371e-6	ref_absmax=6.715e-1	argmax_match=true	pass=true
dir-bf16	decode-step	row=22	max_abs=2.295e-6	max_rel=2.295e-6	ref_absmax=6.582e-1	argmax_match=true	pass=true
dir-bf16	decode-step	row=23	max_abs=3.189e-6	max_rel=3.189e-6	ref_absmax=6.586e-1	argmax_match=true	pass=true
dir-bf16	decode-step	row=24	max_abs=1.326e-6	max_rel=1.326e-6	ref_absmax=6.873e-1	argmax_match=true	pass=true
dir-nvfp4-stacked	prefill	row=0	max_abs=3.710e-5	max_rel=3.710e-5	ref_absmax=3.217e-1	argmax_match=true	pass=true
dir-nvfp4-stacked	prefill	row=1	max_abs=4.415e-5	max_rel=4.415e-5	ref_absmax=5.840e-1	argmax_match=true	pass=true
dir-nvfp4-stacked	prefill	row=2	max_abs=1.694e-5	max_rel=1.694e-5	ref_absmax=7.229e-1	argmax_match=true	pass=true
dir-nvfp4-stacked	prefill	row=3	max_abs=2.092e-5	max_rel=2.092e-5	ref_absmax=7.653e-1	argmax_match=true	pass=true
dir-nvfp4-stacked	prefill	row=4	max_abs=7.653e-5	max_rel=7.653e-5	ref_absmax=6.657e-1	argmax_match=true	pass=true
dir-nvfp4-stacked	prefill	row=5	max_abs=5.358e-5	max_rel=5.358e-5	ref_absmax=4.281e-1	argmax_match=true	pass=true
dir-nvfp4-stacked	prefill	row=6	max_abs=7.838e-6	max_rel=7.838e-6	ref_absmax=5.525e-1	argmax_match=true	pass=true
dir-nvfp4-stacked	prefill	row=7	max_abs=2.517e-5	max_rel=2.517e-5	ref_absmax=5.649e-1	argmax_match=true	pass=true
dir-nvfp4-stacked	prefill	row=8	max_abs=2.566e-5	max_rel=2.566e-5	ref_absmax=8.162e-1	argmax_match=true	pass=true
dir-nvfp4-stacked	prefill	row=9	max_abs=7.451e-6	max_rel=7.451e-6	ref_absmax=6.422e-1	argmax_match=true	pass=true
dir-nvfp4-stacked	prefill	row=10	max_abs=2.162e-5	max_rel=2.162e-5	ref_absmax=2.774e-1	argmax_match=true	pass=true
dir-nvfp4-stacked	prefill	row=11	max_abs=2.337e-5	max_rel=2.337e-5	ref_absmax=1.009e0	argmax_match=true	pass=true
dir-nvfp4-stacked	prefill	row=12	max_abs=3.070e-5	max_rel=3.070e-5	ref_absmax=3.750e-1	argmax_match=true	pass=true
dir-nvfp4-stacked	prefill	row=13	max_abs=4.239e-5	max_rel=4.239e-5	ref_absmax=8.893e-1	argmax_match=true	pass=true
dir-nvfp4-stacked	prefill	row=14	max_abs=1.672e-5	max_rel=1.672e-5	ref_absmax=5.301e-1	argmax_match=true	pass=true
dir-nvfp4-stacked	prefill	row=15	max_abs=1.651e-5	max_rel=1.651e-5	ref_absmax=4.968e-1	argmax_match=true	pass=true
dir-nvfp4-stacked	prefill	row=16	max_abs=2.620e-5	max_rel=2.620e-5	ref_absmax=6.004e-1	argmax_match=true	pass=true
dir-nvfp4-stacked	prefill	row=17	max_abs=4.515e-6	max_rel=4.515e-6	ref_absmax=5.546e-1	argmax_match=true	pass=true
dir-nvfp4-stacked	decode-step	row=18	max_abs=7.421e-6	max_rel=7.421e-6	ref_absmax=3.908e-1	argmax_match=true	pass=true
dir-nvfp4-stacked	decode-step	row=19	max_abs=1.042e-5	max_rel=1.042e-5	ref_absmax=3.641e-1	argmax_match=true	pass=true
dir-nvfp4-stacked	decode-step	row=20	max_abs=3.260e-5	max_rel=3.260e-5	ref_absmax=5.204e-1	argmax_match=true	pass=true
dir-nvfp4-stacked	decode-step	row=21	max_abs=1.997e-6	max_rel=1.997e-6	ref_absmax=7.385e-1	argmax_match=true	pass=true
dir-nvfp4-stacked	decode-step	row=22	max_abs=4.768e-7	max_rel=4.768e-7	ref_absmax=6.626e-1	argmax_match=true	pass=true
dir-nvfp4-stacked	decode-step	row=23	max_abs=1.609e-6	max_rel=1.609e-6	ref_absmax=7.083e-1	argmax_match=true	pass=true
dir-nvfp4-stacked	decode-step	row=24	max_abs=7.600e-7	max_rel=7.600e-7	ref_absmax=7.654e-1	argmax_match=true	pass=true
dir-nvfp4-perexpert	prefill	row=0	max_abs=8.106e-6	max_rel=8.106e-6	ref_absmax=4.643e-1	argmax_match=true	pass=true
dir-nvfp4-perexpert	prefill	row=1	max_abs=1.869e-5	max_rel=1.869e-5	ref_absmax=6.948e-1	argmax_match=true	pass=true
dir-nvfp4-perexpert	prefill	row=2	max_abs=1.702e-5	max_rel=1.702e-5	ref_absmax=5.145e-1	argmax_match=true	pass=true
dir-nvfp4-perexpert	prefill	row=3	max_abs=9.120e-6	max_rel=9.120e-6	ref_absmax=7.026e-1	argmax_match=true	pass=true
dir-nvfp4-perexpert	prefill	row=4	max_abs=1.381e-5	max_rel=1.381e-5	ref_absmax=1.175e0	argmax_match=true	pass=true
dir-nvfp4-perexpert	prefill	row=5	max_abs=4.873e-6	max_rel=4.873e-6	ref_absmax=6.140e-1	argmax_match=true	pass=true
dir-nvfp4-perexpert	prefill	row=6	max_abs=1.848e-6	max_rel=1.848e-6	ref_absmax=5.534e-1	argmax_match=true	pass=true
dir-nvfp4-perexpert	prefill	row=7	max_abs=3.238e-5	max_rel=3.238e-5	ref_absmax=6.003e-1	argmax_match=true	pass=true
dir-nvfp4-perexpert	prefill	row=8	max_abs=1.505e-6	max_rel=1.505e-6	ref_absmax=4.855e-1	argmax_match=true	pass=true
dir-nvfp4-perexpert	prefill	row=9	max_abs=2.757e-6	max_rel=2.757e-6	ref_absmax=4.787e-1	argmax_match=true	pass=true
dir-nvfp4-perexpert	prefill	row=10	max_abs=7.555e-6	max_rel=7.555e-6	ref_absmax=4.379e-1	argmax_match=true	pass=true
dir-nvfp4-perexpert	prefill	row=11	max_abs=1.967e-6	max_rel=1.967e-6	ref_absmax=7.901e-1	argmax_match=true	pass=true
dir-nvfp4-perexpert	prefill	row=12	max_abs=8.047e-6	max_rel=8.047e-6	ref_absmax=7.579e-1	argmax_match=true	pass=true
dir-nvfp4-perexpert	prefill	row=13	max_abs=2.229e-5	max_rel=2.229e-5	ref_absmax=8.002e-1	argmax_match=true	pass=true
dir-nvfp4-perexpert	prefill	row=14	max_abs=1.695e-5	max_rel=1.695e-5	ref_absmax=6.762e-1	argmax_match=true	pass=true
dir-nvfp4-perexpert	prefill	row=15	max_abs=6.557e-6	max_rel=6.557e-6	ref_absmax=4.871e-1	argmax_match=true	pass=true
dir-nvfp4-perexpert	prefill	row=16	max_abs=4.202e-6	max_rel=4.202e-6	ref_absmax=6.243e-1	argmax_match=true	pass=true
dir-nvfp4-perexpert	prefill	row=17	max_abs=5.364e-6	max_rel=5.364e-6	ref_absmax=6.314e-1	argmax_match=true	pass=true
dir-nvfp4-perexpert	decode-step	row=18	max_abs=7.153e-7	max_rel=7.153e-7	ref_absmax=3.366e-1	argmax_match=true	pass=true
dir-nvfp4-perexpert	decode-step	row=19	max_abs=2.533e-6	max_rel=2.533e-6	ref_absmax=5.237e-1	argmax_match=true	pass=true
dir-nvfp4-perexpert	decode-step	row=20	max_abs=1.304e-6	max_rel=1.304e-6	ref_absmax=6.947e-1	argmax_match=true	pass=true
dir-nvfp4-perexpert	decode-step	row=21	max_abs=2.772e-6	max_rel=2.772e-6	ref_absmax=8.886e-1	argmax_match=true	pass=true
dir-nvfp4-perexpert	decode-step	row=22	max_abs=2.034e-6	max_rel=2.034e-6	ref_absmax=4.145e-1	argmax_match=true	pass=true
dir-nvfp4-perexpert	decode-step	row=23	max_abs=3.576e-7	max_rel=3.576e-7	ref_absmax=5.199e-1	argmax_match=true	pass=true
dir-nvfp4-perexpert	decode-step	row=24	max_abs=6.706e-7	max_rel=6.706e-7	ref_absmax=4.307e-1	argmax_match=true	pass=true
# summary	nvfp4-sel-matvec kernel oracle: worst abs 7.629e-6 rel 3.099e-6 over gate_up+down v1/v2/v3 modes, NaN scales + non-pow2 macros + duplicate slots
# summary	bf16-matvec kernel oracle: worst abs 1.192e-7 rel 1.192e-7 over per-batch + shared-x modes, batch>1, t>1, signed/denormal bf16
# summary	hc-micro real-geometry oracle: streams 4 hidden 2560 t 10, worst rel 1.652e-6 over norm/inject/write vs the classic composition
# summary	gdn-step kernel oracle: scan step twin worst rel 1.192e-7 over artifact + hk32 geometries; rms_sigmul bit-identical to the norm/sigmoid/mul chain (48x128)
# summary	hc-diet real-geometry oracle: streams 4 hidden 2560 rank 320 t 1, worst rel 2.369e-6 over low_act/inject/mixed vs the classic fused chain
# summary	w4a4 kernel oracle: quant BIT-EXACT vs host twin (zero/clip/NaN-scale blocks); gu_silu+down worst rel 4.261e-7 vs host integer emulation over E 3 in_f 64 ff 32, dup slots + count-gated pack (dead-slot sentinel held)
# summary	fixture: prefill worst abs 5.083e-4 rel 5.083e-4; decode worst abs 1.158e-4 rel 1.158e-4
# summary	dir-bf16: prefill worst abs 8.355e-5 rel 8.355e-5; decode worst abs 2.292e-5 rel 2.292e-5
# summary	dir-nvfp4-stacked: prefill worst abs 7.653e-5 rel 7.653e-5; decode worst abs 3.260e-5 rel 3.260e-5
# summary	dir-nvfp4-perexpert: prefill worst abs 3.238e-5 rel 3.238e-5; decode worst abs 2.772e-6 rel 2.772e-6
# verdict	failures=0
