# qwen4exp_real_gate	label=fs2-og-thinkoff	binary_sha256=ba3d443bf309bf8d2f7001723f64d07f223770e8430d25f4a091dcfa30260485	ckpt=/root/data/q48fn-yarn1m	host_bf16_banks=false	indexer_norm_raw=false	mtp_dev1=false	spec_opts=SpecOpts { dynk: None, adapt_k_lo: Some(1), pmin: 0.3, defer: false, defer_guard_sync: false, prefill_chunk: None, wide_ring: None }
# timing lines are UNTUNED EAGER wall clocks under correctness-arm residency — NOT perf claims
# cache	kv_quant=q8_0/q5_1	idxq=q8	golden_pin=true	seams_env=idxsel,kvq,idxq
# spec-gate k=5 tokens=256: plain greedy vs spec chains, byte identity
prompt	first_divergence	accept_rate	mean_accept_len	hist	spec_ms_per_token	plain_ms_per_token	pass
0	-1	0.713	3.01	13,21,22,15,9,5	8.58	13.68	true
# round-cost	prompt=0	rounds=85	chain_ms=2.01	replay_ms=0.19	verify_ms=23.40	cross_ms=0.000	zero_draft=2	guard_stops=8
1	-1	0.730	3.20	10,20,20,13,8,9	8.32	13.73	true
# round-cost	prompt=1	rounds=80	chain_ms=2.12	replay_ms=0.21	verify_ms=24.04	cross_ms=0.000	zero_draft=1	guard_stops=6
2	-1	0.818	4.13	2,8,12,12,10,18	7.31	13.77	true
# round-cost	prompt=2	rounds=62	chain_ms=2.76	replay_ms=0.22	verify_ms=26.90	cross_ms=0.000	zero_draft=0	guard_stops=0
3	-1	0.835	4.06	6,9,9,7,11,21	7.24	13.82	true
# round-cost	prompt=3	rounds=63	chain_ms=2.66	replay_ms=0.23	verify_ms=26.25	cross_ms=0.000	zero_draft=1	guard_stops=2
# verdict	policy=byte-identity	pass=true
