2026/08/08 22:31:18.208, 0, 33, P0, 2407, 88.39, 0, 0, 46001, 51252
2026/08/08 22:31:18.215, 1, 33, P0, 2325, 85.56, 0, 0, 56339, 40914
2026/08/08 22:31:19.250, 0, 43, P0, 2385, 380.62, 85, 74, 56945, 40308
2026/08/08 22:31:19.260, 1, 43, P0, 2317, 230.96, 89, 75, 67347, 29906
2026/08/08 22:31:20.294, 0, 42, P0, 2400, 455.01, 83, 72, 56977, 40276
2026/08/08 22:31:20.312, 1, 43, P0, 2332, 289.46, 87, 77, 67603, 29650
2026/08/08 22:31:21.351, 0, 44, P0, 2400, 362.56, 85, 75, 56977, 40276
2026/08/08 22:31:21.360, 1, 45, P0, 2407, 445.52, 87, 77, 67635, 29618
2026/08/08 22:31:22.404, 0, 45, P0, 2392, 370.14, 88, 76, 56977, 40276
2026/08/08 22:31:22.420, 1, 44, P0, 2415, 434.34, 84, 74, 67635, 29618
2026/08/08 22:31:23.457, 0, 45, P0, 2392, 362.15, 88, 78, 57009, 40244
2026/08/08 22:31:23.474, 1, 45, P0, 2422, 424.56, 87, 76, 67667, 29586
2026/08/08 22:31:24.522, 0, 45, P0, 2392, 353.63, 87, 77, 57009, 40244
2026/08/08 22:31:24.537, 1, 46, P0, 2422, 419.11, 88, 77, 67667, 29586
2026/08/08 22:31:25.572, 0, 44, P0, 2400, 352.10, 84, 71, 57041, 40212
2026/08/08 22:31:25.587, 1, 47, P0, 2422, 415.65, 89, 78, 67667, 29586
2026/08/08 22:31:26.624, 0, 38, P0, 2400, 263.80, 0, 0, 57041, 40212
2026/08/08 22:31:26.630, 1, 47, P0, 2422, 413.88, 88, 78, 67667, 29586
2026/08/08 22:31:27.665, 0, 40, P0, 2355, 129.47, 44, 23, 57041, 40212
2026/08/08 22:31:27.672, 1, 44, P0, 2355, 359.27, 46, 29, 67827, 29426
2026/08/08 22:31:28.703, 0, 40, P0, 2347, 216.78, 44, 23, 57041, 40212
2026/08/08 22:31:28.711, 1, 43, P0, 2287, 238.42, 45, 29, 67827, 29426
2026/08/08 22:31:29.743, 0, 41, P0, 2347, 216.48, 42, 22, 57041, 40212
2026/08/08 22:31:29.750, 1, 42, P0, 2287, 236.02, 48, 30, 67827, 29426
2026/08/08 22:31:30.783, 0, 41, P0, 2347, 217.96, 43, 23, 57041, 40212
2026/08/08 22:31:30.792, 1, 42, P0, 2287, 233.80, 48, 30, 67827, 29426
2026/08/08 22:31:31.828, 0, 40, P0, 2347, 213.10, 43, 23, 57041, 40212
2026/08/08 22:31:31.835, 1, 43, P0, 2287, 234.18, 46, 29, 67827, 29426
2026/08/08 22:31:32.869, 0, 41, P0, 2347, 216.92, 43, 22, 57041, 40212
2026/08/08 22:31:32.877, 1, 43, P0, 2287, 233.93, 46, 29, 67827, 29426
2026/08/08 22:31:33.911, 0, 41, P0, 2347, 220.62, 43, 22, 57041, 40212
2026/08/08 22:31:33.920, 1, 43, P0, 2287, 236.92, 46, 29, 67827, 29426
2026/08/08 22:31:34.954, 0, 41, P0, 2347, 218.78, 43, 22, 57041, 40212
2026/08/08 22:31:34.962, 1, 43, P0, 2287, 236.06, 47, 30, 67827, 29426
2026/08/08 22:31:35.997, 0, 41, P0, 2347, 214.83, 41, 22, 57041, 40212
2026/08/08 22:31:36.005, 1, 42, P0, 2287, 235.72, 47, 30, 67827, 29426
2026/08/08 22:31:37.041, 0, 44, P0, 2370, 260.20, 87, 65, 67025, 30228
2026/08/08 22:31:37.050, 1, 43, P0, 2302, 222.69, 82, 48, 78515, 18738
2026/08/08 22:31:38.087, 0, 45, P0, 2407, 335.95, 83, 53, 67025, 30228
2026/08/08 22:31:38.094, 1, 46, P0, 2422, 379.85, 88, 65, 78515, 18738
2026/08/08 22:31:39.127, 0, 45, P0, 2407, 295.51, 61, 37, 67025, 30228
2026/08/08 22:31:39.137, 1, 46, P0, 2415, 326.83, 88, 62, 78515, 18738
2026/08/08 22:31:40.175, 0, 41, P0, 2407, 300.02, 42, 30, 67025, 30228
2026/08/08 22:31:40.182, 1, 47, P0, 2422, 375.66, 88, 64, 78515, 18738
2026/08/08 22:31:41.216, 0, 44, P0, 2415, 324.90, 89, 64, 67025, 30228
2026/08/08 22:31:41.223, 1, 47, P0, 2422, 323.38, 88, 66, 78515, 18738
2026/08/08 22:31:42.258, 0, 45, P0, 2392, 286.20, 90, 51, 67025, 30228
2026/08/08 22:31:42.268, 1, 46, P0, 2422, 337.74, 27, 16, 78515, 18738
2026/08/08 22:31:43.300, 0, 45, P0, 2407, 328.71, 63, 38, 67025, 30228
2026/08/08 22:31:43.310, 1, 47, P0, 2422, 370.71, 89, 61, 78515, 18738
2026/08/08 22:31:44.347, 0, 45, P0, 2422, 284.78, 89, 66, 67025, 30228
2026/08/08 22:31:44.354, 1, 47, P0, 2400, 314.93, 89, 66, 78515, 18738
2026/08/08 22:31:45.389, 0, 45, P0, 2415, 327.19, 85, 60, 67025, 30228
2026/08/08 22:31:45.396, 1, 48, P0, 2422, 372.60, 88, 63, 78515, 18738
2026/08/08 22:31:46.429, 0, 45, P0, 2415, 285.51, 60, 36, 67025, 30228
2026/08/08 22:31:46.439, 1, 49, P0, 2422, 316.87, 88, 59, 78515, 18738
2026/08/08 22:31:47.473, 0, 40, P0, 2407, 264.28, 0, 0, 67025, 30228
2026/08/08 22:31:47.480, 1, 50, P0, 2422, 353.45, 36, 15, 78515, 18738
2026/08/08 22:31:48.511, 0, 46, P0, 2415, 317.87, 75, 45, 67025, 30228
2026/08/08 22:31:48.521, 1, 48, P0, 2422, 316.92, 89, 58, 79027, 18226
2026/08/08 22:31:49.557, 0, 43, P0, 2347, 216.88, 44, 23, 67025, 30228
2026/08/08 22:31:49.566, 1, 45, P0, 2400, 267.77, 45, 29, 79027, 18226
2026/08/08 22:31:50.601, 0, 43, P0, 2347, 223.43, 42, 22, 67025, 30228
2026/08/08 22:31:50.611, 1, 44, P0, 2400, 206.93, 47, 30, 79027, 18226
2026/08/08 22:31:51.645, 0, 43, P0, 2347, 223.66, 44, 23, 67025, 30228
2026/08/08 22:31:51.655, 1, 44, P0, 2400, 207.11, 45, 29, 79027, 18226
2026/08/08 22:31:52.690, 0, 43, P0, 2347, 222.53, 42, 22, 67025, 30228
2026/08/08 22:31:52.700, 1, 43, P0, 2400, 206.11, 46, 30, 79027, 18226
2026/08/08 22:31:53.734, 0, 43, P0, 2347, 223.73, 43, 23, 67025, 30228
2026/08/08 22:31:53.744, 1, 44, P0, 2362, 221.83, 46, 29, 79027, 18226
2026/08/08 22:31:54.781, 0, 43, P0, 2347, 219.88, 43, 22, 67025, 30228
2026/08/08 22:31:54.790, 1, 44, P0, 2347, 223.28, 45, 29, 79027, 18226
2026/08/08 22:31:55.826, 0, 43, P0, 2347, 224.23, 42, 22, 67025, 30228
2026/08/08 22:31:55.836, 1, 44, P0, 2325, 230.00, 47, 30, 79027, 18226
2026/08/08 22:31:56.872, 0, 42, P0, 2347, 222.63, 43, 23, 67025, 30228
2026/08/08 22:31:56.881, 1, 44, P0, 2317, 230.37, 47, 30, 79027, 18226
2026/08/08 22:31:57.915, 0, 43, P0, 2347, 220.29, 43, 22, 67025, 30228
2026/08/08 22:31:57.923, 1, 44, P0, 2310, 232.90, 47, 30, 79027, 18226
2026/08/08 22:31:58.956, 0, 43, P0, 2422, 290.98, 64, 46, 77201, 20052
2026/08/08 22:31:58.967, 1, 48, P0, 2392, 256.04, 87, 63, 89683, 7570
2026/08/08 22:32:00.003, 0, 41, P0, 2415, 303.08, 13, 10, 77201, 20052
2026/08/08 22:32:00.010, 1, 48, P0, 2422, 373.95, 89, 60, 89715, 7538
2026/08/08 22:32:01.043, 0, 42, P0, 2370, 212.59, 44, 23, 77233, 20020
2026/08/08 22:32:01.052, 1, 45, P0, 2407, 251.24, 45, 29, 89715, 7538
2026/08/08 22:32:02.086, 0, 43, P0, 2347, 225.49, 43, 23, 77233, 20020
2026/08/08 22:32:02.095, 1, 45, P0, 2287, 234.98, 46, 29, 89715, 7538
2026/08/08 22:32:03.128, 0, 43, P0, 2347, 225.53, 42, 22, 77233, 20020
2026/08/08 22:32:03.137, 1, 44, P0, 2325, 232.50, 48, 30, 89715, 7538
2026/08/08 22:32:04.171, 0, 43, P0, 2347, 222.91, 42, 22, 77233, 20020
2026/08/08 22:32:04.179, 1, 44, P0, 2287, 235.10, 46, 30, 89715, 7538
2026/08/08 22:32:05.212, 0, 42, P0, 2347, 222.65, 44, 23, 77233, 20020
2026/08/08 22:32:05.221, 1, 45, P0, 2347, 225.42, 45, 29, 89715, 7538
2026/08/08 22:32:06.253, 0, 43, P0, 2347, 228.38, 44, 23, 77233, 20020
2026/08/08 22:32:06.260, 1, 44, P0, 2325, 229.63, 46, 29, 89715, 7538
2026/08/08 22:32:07.292, 0, 43, P0, 2347, 225.79, 42, 22, 77233, 20020
2026/08/08 22:32:07.301, 1, 43, P0, 2340, 227.83, 48, 31, 89715, 7538
2026/08/08 22:32:08.335, 0, 44, P0, 2347, 224.89, 42, 22, 77233, 20020
2026/08/08 22:32:08.343, 1, 44, P0, 2347, 226.44, 48, 30, 89715, 7538
2026/08/08 22:32:09.376, 0, 43, P0, 2347, 224.46, 42, 22, 77233, 20020
2026/08/08 22:32:09.385, 1, 44, P0, 2340, 225.44, 46, 29, 89715, 7538
2026/08/08 22:32:10.422, 0, 46, P0, 2422, 277.21, 89, 57, 77233, 20020
2026/08/08 22:32:10.433, 1, 46, P0, 2355, 227.73, 42, 30, 89715, 7538
2026/08/08 22:32:11.469, 0, 43, P0, 2415, 323.49, 68, 48, 77233, 20020
2026/08/08 22:32:11.479, 1, 49, P0, 2422, 376.79, 89, 61, 89715, 7538
2026/08/08 22:32:12.513, 0, 45, P0, 2422, 282.06, 88, 62, 77233, 20020
2026/08/08 22:32:12.520, 1, 48, P0, 2400, 320.56, 88, 65, 89715, 7538
2026/08/08 22:32:13.558, 0, 41, P0, 2415, 274.64, 0, 0, 77233, 20020
2026/08/08 22:32:13.568, 1, 48, P0, 2422, 363.48, 88, 62, 89747, 7506
2026/08/08 22:32:14.603, 0, 44, P0, 2347, 224.20, 42, 22, 77233, 20020
2026/08/08 22:32:14.615, 1, 44, P0, 2400, 206.19, 47, 30, 89747, 7506
2026/08/08 22:32:15.652, 0, 44, P0, 2347, 227.37, 43, 23, 77233, 20020
2026/08/08 22:32:15.662, 1, 45, P0, 2347, 212.83, 46, 29, 89747, 7506
2026/08/08 22:32:16.698, 0, 44, P0, 2347, 222.48, 42, 22, 77233, 20020
2026/08/08 22:32:16.707, 1, 44, P0, 2377, 219.44, 47, 30, 89747, 7506
2026/08/08 22:32:17.744, 0, 43, P0, 2347, 224.38, 43, 23, 77233, 20020
2026/08/08 22:32:17.754, 1, 44, P0, 2317, 226.30, 46, 29, 89747, 7506
2026/08/08 22:32:18.791, 0, 43, P0, 2347, 228.98, 42, 22, 77233, 20020
2026/08/08 22:32:18.801, 1, 44, P0, 2347, 227.87, 47, 30, 89747, 7506
2026/08/08 22:32:19.837, 0, 43, P0, 2347, 222.53, 43, 23, 77233, 20020
2026/08/08 22:32:19.847, 1, 44, P0, 2347, 226.59, 47, 30, 89747, 7506
2026/08/08 22:32:20.880, 0, 43, P0, 2347, 226.25, 44, 23, 77233, 20020
2026/08/08 22:32:20.890, 1, 44, P0, 2325, 227.76, 48, 30, 89747, 7506
2026/08/08 22:32:21.923, 0, 43, P0, 2347, 224.54, 44, 23, 77233, 20020
2026/08/08 22:32:21.932, 1, 45, P0, 2325, 232.99, 46, 29, 89747, 7506
2026/08/08 22:32:22.964, 0, 43, P0, 2347, 224.11, 42, 22, 77233, 20020
2026/08/08 22:32:22.974, 1, 44, P0, 2302, 231.54, 46, 30, 89747, 7506
2026/08/08 22:32:24.006, 0, 46, P0, 2415, 331.78, 62, 38, 77233, 20020
2026/08/08 22:32:24.016, 1, 48, P0, 2422, 327.58, 88, 57, 89747, 7506
2026/08/08 22:32:25.052, 0, 46, P0, 2392, 279.22, 88, 62, 77233, 20020
2026/08/08 22:32:25.063, 1, 44, P0, 2422, 317.52, 75, 44, 89747, 7506
2026/08/08 22:32:26.098, 0, 46, P0, 2415, 322.74, 83, 58, 77233, 20020
2026/08/08 22:32:26.106, 1, 48, P0, 2422, 380.85, 88, 62, 89747, 7506
2026/08/08 22:32:27.142, 0, 47, P0, 2422, 286.09, 56, 31, 77265, 19988
2026/08/08 22:32:27.153, 1, 49, P0, 2407, 314.71, 89, 61, 89747, 7506
2026/08/08 22:32:28.191, 0, 44, P0, 2362, 241.09, 44, 23, 77265, 19988
2026/08/08 22:32:28.199, 1, 45, P0, 2407, 328.11, 45, 30, 89747, 7506
2026/08/08 22:32:29.232, 0, 44, P0, 2347, 228.42, 44, 22, 77265, 19988
2026/08/08 22:32:29.239, 1, 44, P0, 2400, 207.99, 46, 29, 89747, 7506
2026/08/08 22:32:30.273, 0, 44, P0, 2347, 226.55, 43, 22, 77265, 19988
2026/08/08 22:32:30.281, 1, 44, P0, 2400, 205.90, 47, 29, 89747, 7506
2026/08/08 22:32:31.313, 0, 44, P0, 2347, 224.75, 43, 22, 77265, 19988
2026/08/08 22:32:31.323, 1, 43, P0, 2400, 205.47, 47, 29, 89747, 7506
2026/08/08 22:32:32.356, 0, 43, P0, 2347, 223.43, 43, 22, 77265, 19988
2026/08/08 22:32:32.365, 1, 44, P0, 2400, 206.79, 46, 29, 89747, 7506
2026/08/08 22:32:33.397, 0, 44, P0, 2347, 223.45, 43, 22, 77265, 19988
2026/08/08 22:32:33.407, 1, 44, P0, 2400, 207.86, 47, 29, 89747, 7506
2026/08/08 22:32:34.440, 0, 43, P0, 2347, 221.60, 43, 22, 77265, 19988
2026/08/08 22:32:34.448, 1, 44, P0, 2370, 208.40, 47, 29, 89747, 7506
2026/08/08 22:32:35.481, 0, 44, P0, 2347, 219.02, 43, 22, 77265, 19988
2026/08/08 22:32:35.490, 1, 44, P0, 2362, 223.17, 47, 29, 89747, 7506
2026/08/08 22:32:36.523, 0, 43, P0, 2347, 225.20, 43, 22, 77265, 19988
2026/08/08 22:32:36.532, 1, 44, P0, 2340, 221.71, 46, 29, 89747, 7506
2026/08/08 22:32:37.565, 0, 43, P0, 2347, 227.75, 36, 21, 77265, 19988
2026/08/08 22:32:37.574, 1, 42, P0, 2347, 208.28, 41, 26, 89747, 7506
2026/08/08 22:32:38.608, 0, 46, P0, 2415, 338.87, 88, 60, 77265, 19988
2026/08/08 22:32:38.618, 1, 48, P0, 2422, 350.87, 89, 62, 89747, 7506
2026/08/08 22:32:39.654, 0, 46, P0, 2422, 283.93, 90, 57, 77265, 19988
2026/08/08 22:32:39.665, 1, 46, P0, 2385, 318.65, 23, 15, 89747, 7506
2026/08/08 22:32:40.702, 0, 46, P0, 2415, 313.97, 63, 38, 77265, 19988
2026/08/08 22:32:40.713, 1, 49, P0, 2422, 376.35, 89, 60, 89747, 7506
2026/08/08 22:32:41.752, 0, 46, P0, 2415, 276.41, 88, 61, 77265, 19988
2026/08/08 22:32:41.762, 1, 48, P0, 2400, 322.04, 88, 62, 89747, 7506
2026/08/08 22:32:42.797, 0, 42, P0, 2407, 262.96, 44, 23, 77265, 19988
2026/08/08 22:32:42.806, 1, 46, P0, 2407, 348.38, 46, 29, 89747, 7506
2026/08/08 22:32:43.840, 0, 44, P0, 2347, 220.09, 44, 22, 77265, 19988
2026/08/08 22:32:43.849, 1, 45, P0, 2400, 204.69, 46, 29, 89747, 7506
2026/08/08 22:32:44.881, 0, 44, P0, 2347, 224.04, 43, 22, 77265, 19988
2026/08/08 22:32:44.890, 1, 44, P0, 2400, 206.92, 47, 29, 89747, 7506
2026/08/08 22:32:45.923, 0, 43, P0, 2347, 227.92, 44, 22, 77265, 19988
2026/08/08 22:32:45.931, 1, 44, P0, 2400, 206.80, 46, 29, 89747, 7506
2026/08/08 22:32:46.965, 0, 44, P0, 2347, 224.26, 43, 22, 77265, 19988
2026/08/08 22:32:46.973, 1, 44, P0, 2400, 207.07, 46, 29, 89747, 7506
2026/08/08 22:32:48.004, 0, 44, P0, 2347, 225.78, 43, 22, 77265, 19988
2026/08/08 22:32:48.012, 1, 43, P0, 2400, 205.66, 47, 29, 89747, 7506
2026/08/08 22:32:49.046, 0, 44, P0, 2347, 222.05, 43, 22, 77265, 19988
2026/08/08 22:32:49.054, 1, 43, P0, 2400, 205.01, 47, 29, 89747, 7506
2026/08/08 22:32:50.088, 0, 44, P0, 2347, 226.63, 43, 22, 77265, 19988
2026/08/08 22:32:50.096, 1, 44, P0, 2310, 223.37, 47, 29, 89747, 7506
2026/08/08 22:32:51.128, 0, 43, P0, 2355, 223.44, 43, 22, 77265, 19988
2026/08/08 22:32:51.136, 1, 45, P0, 2355, 226.92, 47, 29, 89747, 7506
2026/08/08 22:32:52.168, 0, 44, P0, 2347, 221.72, 43, 22, 77265, 19988
2026/08/08 22:32:52.177, 1, 43, P0, 2332, 227.47, 46, 29, 89747, 7506
2026/08/08 22:32:53.210, 0, 47, P0, 2415, 315.76, 89, 62, 77265, 19988
2026/08/08 22:32:53.220, 1, 47, P0, 2422, 307.70, 88, 63, 89747, 7506
2026/08/08 22:32:54.255, 0, 45, P0, 2400, 277.21, 91, 50, 77265, 19988
2026/08/08 22:32:54.265, 1, 46, P0, 2422, 338.55, 16, 8, 89747, 7506
2026/08/08 22:32:55.303, 0, 47, P0, 2407, 324.52, 63, 37, 77265, 19988
2026/08/08 22:32:55.313, 1, 48, P0, 2422, 363.84, 88, 60, 89747, 7506
2026/08/08 22:32:56.348, 0, 46, P0, 2422, 282.50, 88, 61, 77265, 19988
2026/08/08 22:32:56.355, 1, 48, P0, 2400, 322.22, 89, 65, 89747, 7506
2026/08/08 22:32:57.389, 0, 47, P0, 2415, 323.71, 76, 53, 77265, 19988
2026/08/08 22:32:57.396, 1, 48, P0, 2422, 374.06, 88, 62, 89747, 7506
2026/08/08 22:32:58.428, 0, 46, P0, 2422, 278.12, 63, 37, 77265, 19988
2026/08/08 22:32:58.439, 1, 49, P0, 2422, 319.23, 89, 59, 89779, 7474
2026/08/08 22:32:59.476, 0, 44, P0, 2347, 214.09, 44, 22, 77265, 19988
2026/08/08 22:32:59.486, 1, 45, P0, 2400, 272.13, 46, 29, 89779, 7474
2026/08/08 22:33:00.520, 0, 44, P0, 2355, 223.37, 43, 22, 77265, 19988
2026/08/08 22:33:00.529, 1, 44, P0, 2400, 206.03, 47, 29, 89779, 7474
2026/08/08 22:33:01.561, 0, 45, P0, 2347, 227.17, 43, 22, 77265, 19988
2026/08/08 22:33:01.570, 1, 44, P0, 2400, 206.47, 46, 29, 89779, 7474
2026/08/08 22:33:02.602, 0, 44, P0, 2347, 225.69, 43, 22, 77265, 19988
2026/08/08 22:33:02.611, 1, 44, P0, 2400, 207.10, 46, 29, 89779, 7474
2026/08/08 22:33:03.644, 0, 44, P0, 2347, 223.32, 43, 22, 77265, 19988
2026/08/08 22:33:03.652, 1, 44, P0, 2332, 218.34, 47, 29, 89779, 7474
2026/08/08 22:33:04.685, 0, 44, P0, 2347, 225.67, 43, 22, 77265, 19988
2026/08/08 22:33:04.693, 1, 43, P0, 2400, 207.28, 46, 29, 89779, 7474
2026/08/08 22:33:05.725, 0, 44, P0, 2347, 226.33, 43, 22, 77265, 19988
2026/08/08 22:33:05.734, 1, 44, P0, 2347, 212.96, 47, 29, 89779, 7474
2026/08/08 22:33:06.767, 0, 44, P0, 2347, 226.23, 43, 22, 77265, 19988
2026/08/08 22:33:06.775, 1, 45, P0, 2347, 221.73, 46, 29, 89779, 7474
2026/08/08 22:33:07.809, 0, 44, P0, 2347, 225.02, 43, 22, 77265, 19988
2026/08/08 22:33:07.817, 1, 44, P0, 2325, 223.65, 46, 29, 89779, 7474
2026/08/08 22:33:08.849, 0, 47, P0, 2415, 250.36, 89, 63, 77265, 19988
2026/08/08 22:33:08.859, 1, 45, P0, 2355, 212.46, 88, 52, 89779, 7474
2026/08/08 22:33:09.891, 0, 46, P0, 2422, 323.74, 88, 61, 77265, 19988
2026/08/08 22:33:09.901, 1, 48, P0, 2422, 374.21, 88, 61, 89779, 7474
2026/08/08 22:33:10.937, 0, 46, P0, 2422, 280.95, 56, 32, 77265, 19988
2026/08/08 22:33:10.950, 1, 48, P0, 2415, 320.61, 88, 62, 89779, 7474
2026/08/08 22:33:11.989, 0, 44, P0, 2422, 296.43, 84, 58, 77265, 19988
2026/08/08 22:33:11.996, 1, 48, P0, 2422, 374.51, 88, 56, 89779, 7474
2026/08/08 22:33:13.031, 0, 47, P0, 2415, 310.02, 89, 61, 77265, 19988
2026/08/08 22:33:13.042, 1, 49, P0, 2422, 325.01, 88, 62, 89779, 7474
2026/08/08 22:33:14.079, 0, 45, P0, 2415, 273.12, 91, 47, 77265, 19988
2026/08/08 22:33:14.090, 1, 47, P0, 2400, 342.93, 72, 42, 89779, 7474
2026/08/08 22:33:15.127, 0, 46, P0, 2415, 321.40, 66, 39, 77265, 19988
2026/08/08 22:33:15.137, 1, 50, P0, 2422, 360.46, 89, 59, 89779, 7474
2026/08/08 22:33:16.175, 0, 47, P0, 2422, 280.17, 90, 58, 77265, 19988
2026/08/08 22:33:16.182, 1, 48, P0, 2407, 317.57, 89, 64, 89779, 7474
2026/08/08 22:33:17.217, 0, 45, P0, 2362, 213.79, 44, 22, 77265, 19988
2026/08/08 22:33:17.226, 1, 45, P0, 2400, 273.22, 46, 29, 89779, 7474
2026/08/08 22:33:18.257, 0, 44, P0, 2347, 225.10, 43, 22, 77265, 19988
2026/08/08 22:33:18.265, 1, 45, P0, 2400, 205.65, 47, 29, 89779, 7474
2026/08/08 22:33:19.298, 0, 44, P0, 2347, 226.28, 43, 22, 77265, 19988
2026/08/08 22:33:19.305, 1, 44, P0, 2400, 207.30, 47, 29, 89779, 7474
2026/08/08 22:33:20.339, 0, 44, P0, 2347, 229.05, 43, 22, 77265, 19988
2026/08/08 22:33:20.348, 1, 44, P0, 2400, 206.83, 46, 29, 89779, 7474
2026/08/08 22:33:21.380, 0, 44, P0, 2347, 226.83, 43, 22, 77265, 19988
2026/08/08 22:33:21.390, 1, 44, P0, 2400, 207.01, 45, 29, 89779, 7474
2026/08/08 22:33:22.426, 0, 44, P0, 2347, 225.37, 44, 22, 77265, 19988
2026/08/08 22:33:22.435, 1, 44, P0, 2400, 206.32, 45, 28, 89779, 7474
2026/08/08 22:33:23.470, 0, 44, P0, 2347, 226.09, 42, 21, 77265, 19988
2026/08/08 22:33:23.479, 1, 44, P0, 2400, 206.53, 47, 29, 89779, 7474
2026/08/08 22:33:24.516, 0, 44, P0, 2347, 224.60, 43, 22, 77265, 19988
2026/08/08 22:33:24.526, 1, 43, P0, 2400, 205.19, 46, 29, 89779, 7474
2026/08/08 22:33:25.562, 0, 44, P0, 2347, 224.29, 42, 21, 77265, 19988
2026/08/08 22:33:25.572, 1, 45, P0, 2347, 216.33, 46, 29, 89779, 7474
2026/08/08 22:33:26.607, 0, 46, P0, 2407, 247.80, 88, 65, 77265, 19988
2026/08/08 22:33:26.620, 1, 45, P0, 2332, 223.06, 90, 53, 89779, 7474
2026/08/08 22:33:27.653, 0, 46, P0, 2415, 323.39, 66, 39, 77265, 19988
2026/08/08 22:33:27.664, 1, 48, P0, 2422, 375.33, 88, 59, 89779, 7474
2026/08/08 22:33:28.701, 0, 47, P0, 2422, 271.70, 58, 35, 77265, 19988
2026/08/08 22:33:28.713, 1, 48, P0, 2400, 322.04, 88, 62, 89779, 7474
2026/08/08 22:33:29.750, 0, 44, P0, 2415, 305.70, 78, 54, 77265, 19988
2026/08/08 22:33:29.757, 1, 48, P0, 2422, 375.87, 88, 61, 89779, 7474
2026/08/08 22:33:30.792, 0, 46, P0, 2422, 298.75, 89, 62, 77265, 19988
2026/08/08 22:33:30.804, 1, 48, P0, 2422, 317.57, 88, 63, 89779, 7474
2026/08/08 22:33:31.841, 0, 45, P0, 2400, 264.56, 90, 51, 77265, 19988
2026/08/08 22:33:31.852, 1, 44, P0, 2422, 337.98, 4, 3, 89779, 7474
2026/08/08 22:33:32.886, 0, 47, P0, 2422, 318.73, 88, 60, 77265, 19988
2026/08/08 22:33:32.897, 1, 49, P0, 2422, 351.73, 88, 59, 89779, 7474
2026/08/08 22:33:33.934, 0, 47, P0, 2422, 281.32, 88, 61, 77265, 19988
2026/08/08 22:33:33.945, 1, 49, P0, 2415, 314.08, 88, 63, 89779, 7474
2026/08/08 22:33:34.981, 0, 46, P0, 2415, 309.14, 61, 38, 77265, 19988
2026/08/08 22:33:34.992, 1, 49, P0, 2422, 375.32, 89, 61, 89779, 7474
2026/08/08 22:33:36.025, 0, 44, P0, 2407, 215.96, 43, 22, 77265, 19988
2026/08/08 22:33:36.035, 1, 46, P0, 2422, 296.67, 46, 29, 89779, 7474
2026/08/08 22:33:37.070, 0, 45, P0, 2370, 212.75, 43, 22, 77265, 19988
2026/08/08 22:33:37.079, 1, 44, P0, 2400, 204.38, 46, 29, 89779, 7474
2026/08/08 22:33:38.114, 0, 44, P0, 2347, 222.04, 43, 22, 77265, 19988
2026/08/08 22:33:38.125, 1, 44, P0, 2400, 206.89, 46, 29, 89779, 7474
2026/08/08 22:33:39.164, 0, 44, P0, 2370, 213.43, 43, 22, 77265, 19988
2026/08/08 22:33:39.172, 1, 44, P0, 2400, 208.43, 46, 29, 89779, 7474
2026/08/08 22:33:40.208, 0, 43, P0, 2347, 218.95, 42, 22, 77265, 19988
2026/08/08 22:33:40.218, 1, 44, P0, 2400, 207.77, 46, 29, 89779, 7474
2026/08/08 22:33:41.256, 0, 44, P0, 2347, 229.29, 42, 21, 77265, 19988
2026/08/08 22:33:41.265, 1, 44, P0, 2400, 207.58, 47, 30, 89779, 7474
2026/08/08 22:33:42.302, 0, 44, P0, 2347, 226.98, 44, 22, 77265, 19988
2026/08/08 22:33:42.311, 1, 44, P0, 2400, 206.46, 46, 29, 89779, 7474
2026/08/08 22:33:43.349, 0, 45, P0, 2347, 228.05, 43, 22, 77265, 19988
2026/08/08 22:33:43.358, 1, 44, P0, 2400, 206.84, 47, 30, 89779, 7474
2026/08/08 22:33:44.395, 0, 43, P0, 2347, 227.08, 41, 21, 77265, 19988
2026/08/08 22:33:44.404, 1, 44, P0, 2377, 212.69, 48, 30, 89779, 7474
2026/08/08 22:33:45.440, 0, 44, P0, 2347, 231.22, 44, 22, 77265, 19988
2026/08/08 22:33:45.447, 1, 44, P0, 2355, 221.99, 46, 29, 89779, 7474
2026/08/08 22:33:46.480, 0, 45, P0, 2422, 311.58, 63, 39, 77265, 19988
2026/08/08 22:33:46.490, 1, 48, P0, 2422, 296.71, 88, 63, 89779, 7474
2026/08/08 22:33:47.528, 0, 45, P0, 2407, 267.42, 91, 48, 77265, 19988
2026/08/08 22:33:47.539, 1, 43, P0, 2422, 343.49, 11, 7, 89779, 7474
2026/08/08 22:33:48.572, 0, 47, P0, 2415, 319.31, 89, 60, 77265, 19988
2026/08/08 22:33:48.581, 1, 49, P0, 2422, 357.08, 88, 60, 89779, 7474
2026/08/08 22:33:49.619, 0, 47, P0, 2422, 288.06, 88, 62, 77265, 19988
2026/08/08 22:33:49.629, 1, 48, P0, 2422, 312.65, 88, 63, 89779, 7474
2026/08/08 22:33:50.666, 0, 46, P0, 2415, 309.89, 64, 39, 77265, 19988
2026/08/08 22:33:50.676, 1, 50, P0, 2422, 374.44, 88, 60, 89779, 7474
2026/08/08 22:33:51.713, 0, 44, P0, 2422, 276.07, 64, 46, 77265, 19988
2026/08/08 22:33:51.723, 1, 49, P0, 2422, 314.90, 88, 62, 89779, 7474
2026/08/08 22:33:52.759, 0, 42, P0, 2422, 267.63, 0, 0, 77265, 19988
2026/08/08 22:33:52.770, 1, 49, P0, 2422, 362.91, 88, 62, 89779, 7474
2026/08/08 22:33:53.803, 0, 47, P0, 2422, 316.99, 76, 46, 77265, 19988
2026/08/08 22:33:53.816, 1, 50, P0, 2422, 328.83, 89, 61, 89779, 7474
2026/08/08 22:33:54.851, 0, 47, P0, 2422, 272.95, 88, 61, 77265, 19988
2026/08/08 22:33:54.862, 1, 45, P0, 2422, 314.23, 74, 41, 89779, 7474
2026/08/08 22:33:55.900, 0, 47, P0, 2422, 316.72, 89, 59, 77265, 19988
2026/08/08 22:33:55.911, 1, 50, P0, 2422, 373.62, 89, 60, 89779, 7474
2026/08/08 22:33:56.945, 0, 44, P0, 2370, 205.15, 43, 22, 77265, 19988
2026/08/08 22:33:56.953, 1, 46, P0, 2400, 266.07, 47, 29, 89779, 7474
2026/08/08 22:33:57.990, 0, 44, P0, 2362, 219.73, 43, 22, 77265, 19988
2026/08/08 22:33:57.999, 1, 45, P0, 2400, 204.12, 47, 30, 89779, 7474
2026/08/08 22:33:59.034, 0, 44, P0, 2362, 216.93, 43, 22, 77265, 19988
2026/08/08 22:33:59.044, 1, 45, P0, 2400, 205.25, 46, 29, 89779, 7474
2026/08/08 22:34:00.081, 0, 44, P0, 2347, 220.76, 42, 22, 77265, 19988
2026/08/08 22:34:00.091, 1, 45, P0, 2400, 209.11, 46, 29, 89779, 7474
2026/08/08 22:34:01.127, 0, 44, P0, 2347, 225.32, 43, 22, 77265, 19988
2026/08/08 22:34:01.136, 1, 45, P0, 2400, 208.07, 46, 29, 89779, 7474
2026/08/08 22:34:02.171, 0, 45, P0, 2355, 222.87, 44, 22, 77265, 19988
2026/08/08 22:34:02.180, 1, 44, P0, 2400, 208.57, 45, 29, 89779, 7474
2026/08/08 22:34:03.216, 0, 43, P0, 2377, 216.48, 42, 22, 77265, 19988
2026/08/08 22:34:03.227, 1, 45, P0, 2400, 207.54, 47, 30, 89779, 7474
2026/08/08 22:34:04.261, 0, 45, P0, 2347, 225.01, 44, 23, 77265, 19988
2026/08/08 22:34:04.269, 1, 44, P0, 2370, 214.48, 46, 29, 89779, 7474
2026/08/08 22:34:05.301, 0, 44, P0, 2347, 227.02, 44, 23, 77265, 19988
2026/08/08 22:34:05.309, 1, 44, P0, 2400, 208.34, 46, 29, 89779, 7474
2026/08/08 22:34:06.342, 0, 44, P0, 2362, 233.59, 29, 19, 77265, 19988
2026/08/08 22:34:06.352, 1, 43, P0, 2392, 199.18, 35, 22, 89779, 7474
2026/08/08 22:34:07.383, 0, 47, P0, 2415, 327.05, 60, 34, 77265, 19988
2026/08/08 22:34:07.394, 1, 48, P0, 2422, 343.99, 88, 63, 89779, 7474
2026/08/08 22:34:08.430, 0, 47, P0, 2415, 281.24, 90, 58, 77265, 19988
2026/08/08 22:34:08.440, 1, 47, P0, 2400, 318.85, 23, 15, 89779, 7474
2026/08/08 22:34:09.478, 0, 47, P0, 2422, 313.04, 88, 63, 77265, 19988
2026/08/08 22:34:09.488, 1, 49, P0, 2422, 376.58, 89, 60, 89779, 7474
2026/08/08 22:34:10.526, 0, 47, P0, 2422, 277.85, 88, 64, 77265, 19988
2026/08/08 22:34:10.537, 1, 49, P0, 2415, 310.66, 86, 61, 89779, 7474
2026/08/08 22:34:11.570, 0, 42, P0, 2415, 272.80, 1, 0, 77265, 19988
2026/08/08 22:34:11.578, 1, 50, P0, 2422, 370.23, 88, 61, 89779, 7474
2026/08/08 22:34:12.611, 0, 44, P0, 2422, 317.52, 75, 53, 77265, 19988
2026/08/08 22:34:12.619, 1, 49, P0, 2422, 322.74, 88, 62, 89779, 7474
2026/08/08 22:34:13.656, 0, 46, P0, 2400, 271.85, 90, 51, 77265, 19988
2026/08/08 22:34:13.670, 1, 47, P0, 2422, 332.53, 33, 19, 89779, 7474
2026/08/08 22:34:14.704, 0, 46, P0, 2422, 313.90, 61, 37, 77265, 19988
2026/08/08 22:34:14.714, 1, 49, P0, 2422, 371.08, 87, 57, 89779, 7474
2026/08/08 22:34:15.750, 0, 47, P0, 2422, 283.74, 88, 61, 77265, 19988
2026/08/08 22:34:15.760, 1, 48, P0, 2422, 315.61, 85, 60, 89779, 7474
2026/08/08 22:34:16.797, 0, 46, P0, 2422, 304.17, 88, 60, 77265, 19988
2026/08/08 22:34:16.807, 1, 50, P0, 2422, 365.51, 89, 62, 89779, 7474
2026/08/08 22:34:17.844, 0, 45, P0, 2415, 266.97, 79, 52, 77297, 19956
2026/08/08 22:34:17.855, 1, 49, P0, 2422, 317.55, 89, 61, 89779, 7474
2026/08/08 22:34:18.888, 0, 45, P0, 2362, 242.31, 43, 22, 77297, 19956
2026/08/08 22:34:18.897, 1, 46, P0, 2400, 322.84, 46, 30, 89811, 7442
2026/08/08 22:34:19.930, 0, 45, P0, 2362, 214.52, 44, 23, 77297, 19956
2026/08/08 22:34:19.939, 1, 45, P0, 2400, 206.25, 46, 29, 89811, 7442
2026/08/08 22:34:20.972, 0, 44, P0, 2370, 206.98, 43, 22, 77297, 19956
2026/08/08 22:34:20.982, 1, 45, P0, 2400, 206.11, 46, 29, 89811, 7442
2026/08/08 22:34:22.020, 0, 44, P0, 2370, 213.28, 42, 22, 77297, 19956
2026/08/08 22:34:22.031, 1, 45, P0, 2400, 204.49, 47, 30, 89811, 7442
2026/08/08 22:34:23.071, 0, 44, P0, 2355, 216.76, 43, 22, 77297, 19956
2026/08/08 22:34:23.080, 1, 45, P0, 2400, 204.52, 45, 29, 89811, 7442
2026/08/08 22:34:24.115, 0, 44, P0, 2370, 216.12, 44, 22, 77297, 19956
2026/08/08 22:34:24.125, 1, 45, P0, 2400, 204.87, 45, 29, 89811, 7442
2026/08/08 22:34:25.160, 0, 44, P0, 2370, 207.35, 42, 22, 77297, 19956
2026/08/08 22:34:25.171, 1, 45, P0, 2400, 203.87, 47, 30, 89811, 7442
2026/08/08 22:34:26.209, 0, 45, P0, 2362, 223.14, 44, 23, 77297, 19956
2026/08/08 22:34:26.218, 1, 44, P0, 2400, 208.35, 46, 29, 89811, 7442
2026/08/08 22:34:27.253, 0, 44, P0, 2370, 214.22, 44, 23, 77297, 19956
2026/08/08 22:34:27.262, 1, 44, P0, 2400, 209.06, 45, 28, 89811, 7442
2026/08/08 22:34:28.300, 0, 44, P0, 2362, 211.58, 43, 22, 77297, 19956
2026/08/08 22:34:28.310, 1, 44, P0, 2400, 208.75, 45, 28, 89811, 7442
2026/08/08 22:34:29.344, 0, 47, P0, 2415, 314.39, 89, 63, 77297, 19956
2026/08/08 22:34:29.351, 1, 48, P0, 2422, 313.55, 88, 63, 89811, 7442
2026/08/08 22:34:30.388, 0, 46, P0, 2407, 279.72, 89, 64, 77297, 19956
2026/08/08 22:34:30.398, 1, 47, P0, 2422, 335.81, 89, 52, 89811, 7442
2026/08/08 22:34:31.430, 0, 47, P0, 2415, 321.15, 63, 38, 77297, 19956
2026/08/08 22:34:31.441, 1, 49, P0, 2422, 368.05, 88, 59, 89811, 7442
2026/08/08 22:34:32.477, 0, 47, P0, 2422, 271.35, 89, 61, 77297, 19956
2026/08/08 22:34:32.490, 1, 49, P0, 2415, 323.19, 88, 61, 89811, 7442
2026/08/08 22:34:33.527, 0, 45, P0, 2422, 314.09, 80, 57, 77297, 19956
2026/08/08 22:34:33.534, 1, 50, P0, 2422, 374.86, 89, 63, 89811, 7442
2026/08/08 22:34:34.570, 0, 46, P0, 2422, 288.57, 62, 36, 77297, 19956
2026/08/08 22:34:34.581, 1, 50, P0, 2422, 321.63, 88, 62, 89811, 7442
2026/08/08 22:34:35.615, 0, 46, P0, 2392, 266.43, 80, 41, 77297, 19956
2026/08/08 22:34:35.623, 1, 45, P0, 2422, 339.35, 21, 12, 89811, 7442
2026/08/08 22:34:36.658, 0, 47, P0, 2422, 323.65, 89, 61, 77297, 19956
2026/08/08 22:34:36.666, 1, 50, P0, 2422, 343.58, 88, 64, 89811, 7442
2026/08/08 22:34:37.703, 0, 48, P0, 2422, 276.82, 90, 55, 77297, 19956
2026/08/08 22:34:37.713, 1, 48, P0, 2422, 315.05, 57, 40, 89811, 7442
2026/08/08 22:34:38.752, 0, 47, P0, 2415, 303.30, 89, 61, 77297, 19956
2026/08/08 22:34:38.763, 1, 50, P0, 2422, 361.41, 89, 63, 89811, 7442
2026/08/08 22:34:39.797, 0, 45, P0, 2422, 278.43, 88, 59, 77297, 19956
2026/08/08 22:34:39.807, 1, 50, P0, 2422, 314.06, 87, 62, 89811, 7442
2026/08/08 22:34:40.843, 0, 43, P0, 2422, 280.42, 31, 21, 77297, 19956
2026/08/08 22:34:40.850, 1, 50, P0, 2422, 372.87, 89, 59, 89811, 7442
2026/08/08 22:34:41.885, 0, 47, P0, 2422, 300.80, 74, 45, 77329, 19924
2026/08/08 22:34:41.893, 1, 50, P0, 2422, 312.85, 89, 60, 89811, 7442
2026/08/08 22:34:42.926, 0, 45, P0, 2377, 185.48, 44, 23, 77329, 19924
2026/08/08 22:34:42.933, 1, 46, P0, 2400, 241.48, 46, 29, 89811, 7442
2026/08/08 22:34:43.967, 0, 44, P0, 2377, 206.40, 43, 22, 77329, 19924
2026/08/08 22:34:43.975, 1, 46, P0, 2400, 207.01, 47, 30, 89811, 7442
2026/08/08 22:34:45.007, 0, 44, P0, 2370, 215.01, 44, 22, 77329, 19924
2026/08/08 22:34:45.015, 1, 45, P0, 2400, 206.32, 46, 29, 89811, 7442
2026/08/08 22:34:46.049, 0, 44, P0, 2370, 209.49, 44, 23, 77329, 19924
2026/08/08 22:34:46.059, 1, 45, P0, 2400, 208.10, 46, 29, 89811, 7442
2026/08/08 22:34:47.091, 0, 44, P0, 2362, 211.40, 42, 22, 77329, 19924
2026/08/08 22:34:47.100, 1, 45, P0, 2400, 210.76, 47, 30, 89811, 7442
2026/08/08 22:34:48.132, 0, 44, P0, 2370, 216.32, 44, 23, 77329, 19924
2026/08/08 22:34:48.141, 1, 45, P0, 2400, 210.48, 46, 29, 89811, 7442
2026/08/08 22:34:49.174, 0, 43, P0, 2377, 209.32, 42, 22, 77329, 19924
2026/08/08 22:34:49.183, 1, 45, P0, 2400, 210.66, 48, 30, 89811, 7442
2026/08/08 22:34:50.216, 0, 44, P0, 2355, 212.11, 44, 23, 77329, 19924
2026/08/08 22:34:50.224, 1, 45, P0, 2400, 210.99, 46, 29, 89811, 7442
2026/08/08 22:34:51.258, 0, 44, P0, 2355, 223.31, 42, 22, 77329, 19924
2026/08/08 22:34:51.266, 1, 45, P0, 2400, 210.13, 48, 30, 89811, 7442
2026/08/08 22:34:52.300, 0, 47, P0, 2400, 265.28, 90, 59, 77329, 19924
2026/08/08 22:34:52.310, 1, 47, P0, 2407, 221.16, 65, 47, 89811, 7442
2026/08/08 22:34:53.349, 0, 45, P0, 2422, 314.72, 65, 40, 77329, 19924
2026/08/08 22:34:53.359, 1, 49, P0, 2422, 375.16, 88, 59, 89811, 7442
2026/08/08 22:34:54.394, 0, 46, P0, 2422, 279.13, 77, 55, 77329, 19924
2026/08/08 22:34:54.401, 1, 49, P0, 2422, 322.90, 89, 65, 89811, 7442
2026/08/08 22:34:55.433, 0, 42, P0, 2415, 274.33, 0, 0, 77329, 19924
2026/08/08 22:34:55.441, 1, 49, P0, 2422, 373.85, 88, 62, 89811, 7442
2026/08/08 22:34:56.474, 0, 44, P0, 2422, 328.54, 68, 48, 77329, 19924
2026/08/08 22:34:56.485, 1, 51, P0, 2422, 328.24, 88, 58, 89811, 7442
2026/08/08 22:34:57.520, 0, 47, P0, 2400, 276.41, 89, 63, 77329, 19924
2026/08/08 22:34:57.528, 1, 45, P0, 2422, 315.46, 58, 33, 89811, 7442
2026/08/08 22:34:58.565, 0, 47, P0, 2422, 317.29, 90, 54, 77329, 19924
2026/08/08 22:34:58.574, 1, 50, P0, 2422, 378.91, 89, 60, 89811, 7442
2026/08/08 22:34:59.608, 0, 46, P0, 2422, 272.11, 58, 33, 77329, 19924
2026/08/08 22:34:59.619, 1, 49, P0, 2422, 312.55, 89, 59, 89811, 7442
2026/08/08 22:35:00.652, 0, 45, P0, 2422, 296.14, 70, 49, 77329, 19924
2026/08/08 22:35:00.660, 1, 50, P0, 2422, 372.38, 88, 60, 89811, 7442
2026/08/08 22:35:01.693, 0, 47, P0, 2422, 299.55, 89, 61, 77329, 19924
2026/08/08 22:35:01.703, 1, 50, P0, 2422, 319.10, 88, 61, 89811, 7442
2026/08/08 22:35:02.742, 0, 46, P0, 2407, 256.89, 81, 41, 77329, 19924
2026/08/08 22:35:02.754, 1, 45, P0, 2422, 342.78, 21, 11, 89811, 7442
2026/08/08 22:35:03.788, 0, 48, P0, 2422, 323.68, 90, 55, 77329, 19924
2026/08/08 22:35:03.795, 1, 51, P0, 2422, 352.93, 88, 62, 89811, 7442
2026/08/08 22:35:04.831, 0, 48, P0, 2422, 272.88, 90, 56, 77329, 19924
2026/08/08 22:35:04.841, 1, 49, P0, 2422, 308.17, 44, 31, 89811, 7442
2026/08/08 22:35:05.877, 0, 47, P0, 2422, 303.84, 89, 60, 77329, 19924
2026/08/08 22:35:05.888, 1, 51, P0, 2422, 375.58, 88, 59, 89811, 7442
2026/08/08 22:35:06.923, 0, 43, P0, 2422, 248.42, 0, 0, 77361, 19892
2026/08/08 22:35:06.930, 1, 50, P0, 2422, 310.04, 88, 57, 89811, 7442
2026/08/08 22:35:07.963, 0, 44, P0, 2392, 187.96, 43, 22, 77361, 19892
2026/08/08 22:35:07.973, 1, 46, P0, 2400, 221.50, 47, 30, 89811, 7442
2026/08/08 22:35:09.006, 0, 44, P0, 2377, 198.64, 44, 23, 77361, 19892
2026/08/08 22:35:09.015, 1, 46, P0, 2400, 207.28, 47, 30, 89811, 7442
2026/08/08 22:35:10.048, 0, 44, P0, 2370, 212.85, 44, 23, 77361, 19892
2026/08/08 22:35:10.056, 1, 45, P0, 2400, 207.29, 46, 29, 89811, 7442
2026/08/08 22:35:11.090, 0, 44, P0, 2362, 211.76, 43, 22, 77361, 19892
2026/08/08 22:35:11.098, 1, 45, P0, 2400, 207.40, 47, 30, 89811, 7442
2026/08/08 22:35:12.130, 0, 44, P0, 2370, 219.29, 44, 23, 77361, 19892
2026/08/08 22:35:12.140, 1, 45, P0, 2400, 206.88, 46, 29, 89811, 7442
2026/08/08 22:35:13.172, 0, 44, P0, 2370, 212.49, 44, 23, 77361, 19892
2026/08/08 22:35:13.182, 1, 45, P0, 2400, 208.14, 45, 29, 89811, 7442
2026/08/08 22:35:14.216, 0, 43, P0, 2370, 217.68, 44, 23, 77361, 19892
2026/08/08 22:35:14.225, 1, 45, P0, 2400, 209.80, 45, 28, 89811, 7442
2026/08/08 22:35:15.260, 0, 44, P0, 2362, 216.88, 42, 21, 77361, 19892
2026/08/08 22:35:15.268, 1, 45, P0, 2400, 210.12, 48, 30, 89811, 7442
2026/08/08 22:35:16.299, 0, 44, P0, 2370, 214.99, 42, 22, 77361, 19892
2026/08/08 22:35:16.308, 1, 45, P0, 2400, 209.51, 46, 29, 89811, 7442
2026/08/08 22:35:17.343, 0, 47, P0, 2422, 262.79, 90, 59, 77361, 19892
2026/08/08 22:35:17.354, 1, 47, P0, 2407, 228.18, 64, 46, 89811, 7442
2026/08/08 22:35:18.391, 0, 45, P0, 2422, 315.26, 88, 61, 77361, 19892
2026/08/08 22:35:18.403, 1, 49, P0, 2422, 375.83, 89, 64, 89811, 7442
2026/08/08 22:35:19.443, 0, 46, P0, 2422, 270.12, 78, 56, 77361, 19892
2026/08/08 22:35:19.455, 1, 49, P0, 2422, 324.45, 88, 65, 89811, 7442
2026/08/08 22:35:20.489, 0, 42, P0, 2415, 269.89, 51, 25, 77361, 19892
2026/08/08 22:35:20.498, 1, 46, P0, 2422, 359.89, 50, 33, 89811, 7442
2026/08/08 22:35:21.530, 0, 47, P0, 2422, 326.83, 81, 50, 77361, 19892
2026/08/08 22:35:21.540, 1, 50, P0, 2422, 337.20, 88, 57, 89811, 7442
2026/08/08 22:35:22.577, 0, 47, P0, 2400, 274.30, 89, 64, 77361, 19892
2026/08/08 22:35:22.586, 1, 45, P0, 2422, 313.35, 51, 37, 89811, 7442
2026/08/08 22:35:23.623, 0, 45, P0, 2422, 308.18, 71, 49, 77361, 19892
2026/08/08 22:35:23.636, 1, 51, P0, 2422, 377.17, 89, 62, 89811, 7442
2026/08/08 22:35:24.674, 0, 46, P0, 2422, 276.03, 58, 33, 77361, 19892
2026/08/08 22:35:24.684, 1, 50, P0, 2422, 313.00, 89, 65, 89811, 7442
2026/08/08 22:35:25.720, 0, 43, P0, 2422, 275.61, 0, 0, 77361, 19892
2026/08/08 22:35:25.728, 1, 51, P0, 2422, 374.15, 89, 58, 89811, 7442
2026/08/08 22:35:26.765, 0, 47, P0, 2422, 315.01, 89, 62, 77361, 19892
2026/08/08 22:35:26.772, 1, 50, P0, 2422, 318.04, 88, 61, 89811, 7442
2026/08/08 22:35:27.805, 0, 47, P0, 2407, 270.10, 90, 53, 77361, 19892
2026/08/08 22:35:27.815, 1, 48, P0, 2422, 336.23, 60, 35, 89811, 7442
2026/08/08 22:35:28.851, 0, 45, P0, 2422, 314.22, 73, 49, 77361, 19892
2026/08/08 22:35:28.861, 1, 51, P0, 2422, 354.63, 89, 61, 89811, 7442
2026/08/08 22:35:29.899, 0, 48, P0, 2422, 278.88, 88, 60, 77361, 19892
2026/08/08 22:35:29.910, 1, 50, P0, 2422, 309.48, 89, 63, 89811, 7442
2026/08/08 22:35:30.948, 0, 47, P0, 2422, 306.91, 63, 37, 77361, 19892
2026/08/08 22:35:30.959, 1, 51, P0, 2422, 374.63, 90, 60, 89811, 7442
2026/08/08 22:35:31.993, 0, 43, P0, 2422, 233.34, 0, 0, 77361, 19892
2026/08/08 22:35:32.000, 1, 51, P0, 2422, 314.64, 89, 64, 89811, 7442
2026/08/08 22:35:33.034, 0, 44, P0, 2392, 199.93, 44, 23, 77361, 19892
2026/08/08 22:35:33.043, 1, 46, P0, 2400, 209.21, 47, 30, 89811, 7442
2026/08/08 22:35:34.075, 0, 44, P0, 2377, 206.59, 44, 23, 77361, 19892
2026/08/08 22:35:34.083, 1, 46, P0, 2400, 207.12, 46, 29, 89811, 7442
2026/08/08 22:35:35.118, 0, 44, P0, 2377, 209.15, 43, 22, 77361, 19892
2026/08/08 22:35:35.125, 1, 46, P0, 2400, 206.70, 47, 30, 89811, 7442
2026/08/08 22:35:36.158, 0, 44, P0, 2377, 204.37, 44, 23, 77361, 19892
2026/08/08 22:35:36.167, 1, 46, P0, 2400, 206.72, 47, 30, 89811, 7442
2026/08/08 22:35:37.200, 0, 44, P0, 2377, 206.29, 43, 22, 77361, 19892
2026/08/08 22:35:37.209, 1, 45, P0, 2400, 205.99, 47, 30, 89811, 7442
2026/08/08 22:35:38.244, 0, 44, P0, 2362, 206.60, 44, 23, 77361, 19892
2026/08/08 22:35:38.252, 1, 45, P0, 2400, 206.51, 45, 29, 89811, 7442
2026/08/08 22:35:39.284, 0, 44, P0, 2362, 217.45, 45, 23, 77361, 19892
2026/08/08 22:35:39.294, 1, 45, P0, 2400, 207.46, 46, 29, 89811, 7442
2026/08/08 22:35:40.328, 0, 44, P0, 2370, 211.90, 44, 22, 77361, 19892
2026/08/08 22:35:40.336, 1, 45, P0, 2400, 210.05, 47, 29, 89811, 7442
2026/08/08 22:35:41.370, 0, 44, P0, 2370, 210.03, 42, 22, 77361, 19892
2026/08/08 22:35:41.378, 1, 45, P0, 2400, 209.40, 48, 30, 89811, 7442
2026/08/08 22:35:42.410, 0, 46, P0, 2422, 276.89, 81, 59, 77361, 19892
2026/08/08 22:35:42.417, 1, 48, P0, 2400, 237.11, 88, 63, 89811, 7442
2026/08/08 22:35:43.453, 0, 47, P0, 2422, 318.29, 88, 62, 77361, 19892
2026/08/08 22:35:43.460, 1, 50, P0, 2422, 376.84, 89, 62, 89811, 7442
2026/08/08 22:35:44.496, 0, 45, P0, 2415, 288.39, 81, 51, 77361, 19892
2026/08/08 22:35:44.507, 1, 49, P0, 2422, 323.39, 88, 60, 89811, 7442
2026/08/08 22:35:45.541, 0, 46, P0, 2415, 265.80, 58, 29, 77361, 19892
2026/08/08 22:35:45.550, 1, 46, P0, 2422, 344.38, 43, 28, 89811, 7442
2026/08/08 22:35:46.587, 0, 46, P0, 2422, 327.64, 86, 52, 77361, 19892
2026/08/08 22:35:46.595, 1, 50, P0, 2422, 347.75, 88, 63, 89811, 7442
2026/08/08 22:35:47.632, 0, 47, P0, 2422, 276.10, 90, 57, 77361, 19892
2026/08/08 22:35:47.642, 1, 48, P0, 2422, 315.09, 54, 38, 89811, 7442
2026/08/08 22:35:48.679, 0, 45, P0, 2422, 304.75, 69, 49, 77361, 19892
2026/08/08 22:35:48.689, 1, 50, P0, 2422, 378.94, 89, 60, 89811, 7442
2026/08/08 22:35:49.726, 0, 47, P0, 2422, 282.48, 88, 61, 77361, 19892
2026/08/08 22:35:49.733, 1, 50, P0, 2422, 316.25, 89, 63, 89811, 7442
2026/08/08 22:35:50.766, 0, 43, P0, 2422, 269.18, 0, 0, 77361, 19892
2026/08/08 22:35:50.773, 1, 50, P0, 2422, 373.52, 88, 57, 89811, 7442
2026/08/08 22:35:51.806, 0, 44, P0, 2422, 316.04, 56, 34, 77361, 19892
2026/08/08 22:35:51.816, 1, 51, P0, 2422, 321.68, 89, 62, 89811, 7442
2026/08/08 22:35:52.852, 0, 47, P0, 2407, 271.15, 90, 53, 77361, 19892
2026/08/08 22:35:52.862, 1, 48, P0, 2422, 331.74, 59, 34, 89811, 7442
2026/08/08 22:35:53.897, 0, 46, P0, 2422, 313.31, 78, 45, 77361, 19892
2026/08/08 22:35:53.907, 1, 50, P0, 2422, 367.88, 89, 57, 89811, 7442
2026/08/08 22:35:54.944, 0, 48, P0, 2422, 279.37, 89, 60, 77361, 19892
2026/08/08 22:35:54.951, 1, 50, P0, 2422, 319.24, 89, 63, 89811, 7442
2026/08/08 22:35:55.986, 0, 47, P0, 2422, 310.10, 63, 38, 77361, 19892
2026/08/08 22:35:55.996, 1, 50, P0, 2422, 371.84, 89, 61, 89811, 7442
2026/08/08 22:35:57.030, 0, 42, P0, 2422, 223.42, 0, 0, 77361, 19892
2026/08/08 22:35:57.037, 1, 51, P0, 2422, 313.03, 89, 64, 89811, 7442
2026/08/08 22:35:58.070, 0, 44, P0, 2392, 194.82, 43, 22, 77361, 19892
2026/08/08 22:35:58.077, 1, 46, P0, 2400, 208.09, 47, 30, 89811, 7442
2026/08/08 22:35:59.108, 0, 45, P0, 2370, 211.85, 43, 22, 77361, 19892
2026/08/08 22:35:59.115, 1, 46, P0, 2400, 208.30, 47, 30, 89811, 7442
2026/08/08 22:36:00.147, 0, 45, P0, 2362, 209.94, 43, 22, 77361, 19892
2026/08/08 22:36:00.154, 1, 46, P0, 2400, 207.48, 47, 30, 89811, 7442
2026/08/08 22:36:01.187, 0, 44, P0, 2370, 210.19, 44, 23, 77361, 19892
2026/08/08 22:36:01.194, 1, 46, P0, 2400, 206.73, 46, 29, 89811, 7442
2026/08/08 22:36:02.226, 0, 44, P0, 2377, 210.95, 44, 23, 77361, 19892
2026/08/08 22:36:02.234, 1, 46, P0, 2400, 207.05, 45, 29, 89811, 7442
2026/08/08 22:36:03.265, 0, 45, P0, 2370, 209.59, 43, 22, 77361, 19892
2026/08/08 22:36:03.274, 1, 45, P0, 2400, 206.46, 47, 30, 89811, 7442
2026/08/08 22:36:04.309, 0, 44, P0, 2355, 220.17, 42, 22, 77361, 19892
2026/08/08 22:36:04.316, 1, 45, P0, 2400, 206.27, 47, 30, 89811, 7442
2026/08/08 22:36:05.347, 0, 45, P0, 2355, 225.04, 42, 22, 77361, 19892
2026/08/08 22:36:05.356, 1, 45, P0, 2400, 206.52, 47, 30, 89811, 7442
2026/08/08 22:36:06.390, 0, 44, P0, 2355, 224.67, 42, 22, 77361, 19892
2026/08/08 22:36:06.399, 1, 44, P0, 2400, 205.39, 47, 30, 89811, 7442
2026/08/08 22:36:07.431, 0, 44, P0, 2422, 278.32, 59, 41, 77361, 19892
2026/08/08 22:36:07.441, 1, 48, P0, 2415, 243.84, 87, 60, 89811, 7442
2026/08/08 22:36:08.475, 0, 47, P0, 2422, 303.37, 88, 61, 77361, 19892
2026/08/08 22:36:08.483, 1, 49, P0, 2422, 377.33, 89, 59, 89811, 7442
2026/08/08 22:36:09.518, 0, 47, P0, 2422, 300.99, 87, 61, 77361, 19892
2026/08/08 22:36:09.532, 1, 50, P0, 2422, 321.57, 88, 64, 89811, 7442
2026/08/08 22:36:10.567, 0, 45, P0, 2407, 264.73, 87, 46, 77361, 19892
2026/08/08 22:36:10.579, 1, 45, P0, 2422, 342.66, 68, 39, 89811, 7442
2026/08/08 22:36:11.616, 0, 45, P0, 2422, 316.43, 65, 38, 77361, 19892
2026/08/08 22:36:11.629, 1, 51, P0, 2422, 353.98, 89, 58, 89811, 7442
2026/08/08 22:36:12.664, 0, 47, P0, 2422, 285.22, 88, 60, 77361, 19892
2026/08/08 22:36:12.674, 1, 49, P0, 2422, 312.70, 86, 62, 89811, 7442
2026/08/08 22:36:13.710, 0, 47, P0, 2422, 307.02, 88, 62, 77361, 19892
2026/08/08 22:36:13.721, 1, 50, P0, 2422, 375.70, 89, 62, 89811, 7442
2026/08/08 22:36:14.757, 0, 48, P0, 2422, 279.27, 89, 63, 77361, 19892
2026/08/08 22:36:14.769, 1, 50, P0, 2422, 318.68, 88, 63, 89811, 7442
2026/08/08 22:36:15.806, 0, 44, P0, 2422, 263.88, 26, 10, 77361, 19892
2026/08/08 22:36:15.816, 1, 49, P0, 2422, 361.26, 75, 49, 89811, 7442
2026/08/08 22:36:16.848, 0, 47, P0, 2422, 318.72, 57, 31, 77361, 19892
2026/08/08 22:36:16.860, 1, 51, P0, 2422, 334.83, 89, 59, 89811, 7442
2026/08/08 22:36:17.899, 0, 47, P0, 2415, 271.27, 90, 62, 77361, 19892
2026/08/08 22:36:17.911, 1, 45, P0, 2422, 313.99, 25, 14, 89811, 7442
2026/08/08 22:36:18.951, 0, 47, P0, 2422, 315.36, 89, 60, 77361, 19892
2026/08/08 22:36:18.961, 1, 50, P0, 2422, 371.18, 89, 61, 89811, 7442
2026/08/08 22:36:19.996, 0, 48, P0, 2422, 279.16, 58, 32, 77361, 19892
2026/08/08 22:36:20.007, 1, 50, P0, 2422, 317.81, 89, 58, 89811, 7442
2026/08/08 22:36:21.043, 0, 48, P0, 2422, 294.59, 80, 55, 77361, 19892
2026/08/08 22:36:21.050, 1, 51, P0, 2422, 372.97, 89, 61, 89811, 7442
2026/08/08 22:36:22.084, 0, 42, P0, 2385, 229.71, 0, 0, 77361, 19892
2026/08/08 22:36:22.094, 1, 48, P0, 2422, 301.10, 56, 34, 89811, 7442
2026/08/08 22:36:23.129, 0, 44, P0, 2377, 194.03, 42, 22, 77361, 19892
2026/08/08 22:36:23.138, 1, 46, P0, 2400, 207.65, 47, 30, 89811, 7442
2026/08/08 22:36:24.174, 0, 44, P0, 2392, 201.52, 44, 23, 77361, 19892
2026/08/08 22:36:24.184, 1, 47, P0, 2400, 207.46, 45, 29, 89811, 7442
2026/08/08 22:36:25.220, 0, 44, P0, 2385, 198.18, 44, 23, 77361, 19892
2026/08/08 22:36:25.231, 1, 46, P0, 2400, 206.88, 45, 29, 89811, 7442
2026/08/08 22:36:26.265, 0, 44, P0, 2362, 214.40, 44, 22, 77361, 19892
2026/08/08 22:36:26.275, 1, 46, P0, 2400, 205.60, 47, 30, 89811, 7442
2026/08/08 22:36:27.312, 0, 44, P0, 2370, 206.42, 44, 23, 77361, 19892
2026/08/08 22:36:27.321, 1, 46, P0, 2400, 206.05, 45, 29, 89811, 7442
2026/08/08 22:36:28.356, 0, 44, P0, 2385, 211.68, 44, 23, 77361, 19892
2026/08/08 22:36:28.366, 1, 46, P0, 2400, 205.08, 45, 28, 89811, 7442
2026/08/08 22:36:29.403, 0, 44, P0, 2347, 221.44, 45, 23, 77361, 19892
2026/08/08 22:36:29.412, 1, 46, P0, 2400, 208.16, 44, 28, 89811, 7442
2026/08/08 22:36:30.448, 0, 43, P0, 2362, 209.41, 44, 23, 77361, 19892
2026/08/08 22:36:30.458, 1, 45, P0, 2400, 209.33, 45, 28, 89811, 7442
2026/08/08 22:36:31.493, 0, 44, P0, 2370, 211.99, 43, 22, 77361, 19892
2026/08/08 22:36:31.502, 1, 45, P0, 2400, 209.10, 45, 28, 89811, 7442
2026/08/08 22:36:32.540, 0, 46, P0, 2422, 280.10, 60, 36, 77361, 19892
2026/08/08 22:36:32.551, 1, 50, P0, 2400, 254.16, 88, 59, 89811, 7442
2026/08/08 22:36:33.586, 0, 44, P0, 2422, 290.35, 60, 42, 77361, 19892
2026/08/08 22:36:33.594, 1, 49, P0, 2422, 375.62, 88, 59, 89811, 7442
2026/08/08 22:36:34.629, 0, 47, P0, 2422, 314.17, 89, 61, 77361, 19892
2026/08/08 22:36:34.637, 1, 49, P0, 2422, 317.87, 88, 62, 89811, 7442
2026/08/08 22:36:35.672, 0, 45, P0, 2400, 270.31, 91, 49, 77361, 19892
2026/08/08 22:36:35.683, 1, 45, P0, 2422, 335.93, 90, 53, 89811, 7442
2026/08/08 22:36:36.721, 0, 47, P0, 2422, 315.38, 64, 38, 77361, 19892
2026/08/08 22:36:36.734, 1, 50, P0, 2422, 361.29, 88, 57, 89811, 7442
2026/08/08 22:36:37.771, 0, 47, P0, 2422, 278.06, 88, 61, 77361, 19892
2026/08/08 22:36:37.778, 1, 49, P0, 2422, 311.39, 88, 60, 89811, 7442
2026/08/08 22:36:38.815, 0, 47, P0, 2422, 316.15, 89, 61, 77361, 19892
2026/08/08 22:36:38.822, 1, 50, P0, 2422, 375.47, 88, 62, 89811, 7442
2026/08/08 22:36:39.854, 0, 45, P0, 2422, 285.08, 63, 44, 77361, 19892
2026/08/08 22:36:39.867, 1, 50, P0, 2422, 320.68, 89, 64, 89811, 7442
2026/08/08 22:36:40.904, 0, 46, P0, 2407, 263.51, 53, 26, 77361, 19892
2026/08/08 22:36:40.914, 1, 47, P0, 2422, 354.63, 48, 30, 89811, 7442
2026/08/08 22:36:41.945, 0, 46, P0, 2422, 322.11, 62, 35, 77361, 19892
2026/08/08 22:36:41.955, 1, 50, P0, 2422, 348.07, 88, 58, 89811, 7442
2026/08/08 22:36:42.990, 0, 48, P0, 2407, 274.07, 90, 55, 77361, 19892
2026/08/08 22:36:43.000, 1, 47, P0, 2422, 314.71, 22, 15, 89811, 7442
2026/08/08 22:36:44.037, 0, 47, P0, 2422, 307.48, 88, 58, 77361, 19892
2026/08/08 22:36:44.044, 1, 51, P0, 2422, 377.85, 89, 60, 89811, 7442
2026/08/08 22:36:45.077, 0, 46, P0, 2422, 280.26, 69, 48, 77361, 19892
2026/08/08 22:36:45.090, 1, 51, P0, 2422, 318.67, 89, 58, 89811, 7442
2026/08/08 22:36:46.126, 0, 44, P0, 2422, 289.56, 50, 35, 77361, 19892
2026/08/08 22:36:46.134, 1, 51, P0, 2422, 372.85, 89, 60, 89811, 7442
2026/08/08 22:36:47.168, 0, 42, P0, 2400, 229.28, 5, 3, 77361, 19892
2026/08/08 22:36:47.177, 1, 52, P0, 2422, 298.66, 47, 30, 89811, 7442
2026/08/08 22:36:48.213, 0, 45, P0, 2377, 204.66, 44, 23, 77361, 19892
2026/08/08 22:36:48.222, 1, 46, P0, 2400, 207.72, 47, 30, 89811, 7442
2026/08/08 22:36:49.260, 0, 44, P0, 2377, 205.49, 43, 22, 77361, 19892
2026/08/08 22:36:49.270, 1, 46, P0, 2400, 206.86, 46, 29, 89811, 7442
2026/08/08 22:36:50.306, 0, 44, P0, 2377, 203.94, 44, 23, 77361, 19892
2026/08/08 22:36:50.316, 1, 46, P0, 2400, 206.45, 45, 29, 89811, 7442
2026/08/08 22:36:51.352, 0, 43, P0, 2392, 209.63, 44, 23, 77361, 19892
2026/08/08 22:36:51.361, 1, 46, P0, 2400, 206.40, 45, 29, 89811, 7442
2026/08/08 22:36:52.398, 0, 44, P0, 2370, 207.58, 44, 23, 77361, 19892
2026/08/08 22:36:52.408, 1, 46, P0, 2400, 206.26, 45, 28, 89811, 7442
2026/08/08 22:36:53.444, 0, 44, P0, 2355, 215.18, 43, 22, 77361, 19892
2026/08/08 22:36:53.453, 1, 45, P0, 2400, 205.30, 45, 29, 89811, 7442
2026/08/08 22:36:54.489, 0, 45, P0, 2355, 215.48, 44, 23, 77361, 19892
2026/08/08 22:36:54.497, 1, 46, P0, 2400, 205.63, 45, 28, 89811, 7442
2026/08/08 22:36:55.533, 0, 44, P0, 2362, 213.97, 42, 22, 77361, 19892
2026/08/08 22:36:55.541, 1, 45, P0, 2400, 205.21, 46, 29, 89811, 7442
2026/08/08 22:36:56.578, 0, 43, P0, 2370, 209.91, 44, 23, 77361, 19892
2026/08/08 22:36:56.587, 1, 45, P0, 2400, 205.19, 45, 28, 89811, 7442
