# qwen4exp_real_gate	label=kvq1-thinkon	binary_sha256=aa6ec1d17d9a10ca655edc8108dbc401b5375a5071f94544381d3f5b5f3d32c8	ckpt=/home/ubuntu/data/q48fn-nvfp4	host_bf16_banks=false	indexer_norm_raw=false	mtp_dev1=true	spec_opts=SpecOpts { dynk: None, adapt_k_lo: Some(1), pmin: 0.3, defer: false, defer_guard_sync: false, prefill_chunk: None, wide_ring: None }
# timing lines are UNTUNED EAGER wall clocks under correctness-arm residency — NOT perf claims
# spec-gate k=5 tokens=256: plain greedy vs spec chains, byte identity
prompt	first_divergence	accept_rate	mean_accept_len	hist	spec_ms_per_token	plain_ms_per_token	pass
0	-1	0.645	2.05	48,45,19,6,5,2	10.95	14.27	true
# round-cost	prompt=0	rounds=125	chain_ms=2.34	replay_ms=0.27	verify_ms=19.46	cross_ms=0.019	zero_draft=16	guard_stops=31
1	-1	0.684	2.02	59,38,16,5,2,7	10.65	14.31	true
# round-cost	prompt=1	rounds=127	chain_ms=2.19	replay_ms=0.27	verify_ms=18.69	cross_ms=0.019	zero_draft=27	guard_stops=36
2	-1	0.764	3.41	12,15,14,12,8,14	8.50	14.16	true
# round-cost	prompt=2	rounds=75	chain_ms=4.24	replay_ms=0.33	verify_ms=24.00	cross_ms=0.021	zero_draft=1	guard_stops=4
3	-1	0.779	3.51	7,16,16,12,11,11	8.32	14.08	true
# round-cost	prompt=3	rounds=73	chain_ms=4.30	replay_ms=0.34	verify_ms=24.08	cross_ms=0.021	zero_draft=1	guard_stops=3
# verdict	policy=byte-identity	pass=true
