# qwen4exp_real_gate	label=ship-thinkoff	binary_sha256=6307988375a174e78f463d2d3b2964b4ee9173bfe2e956813c304ba902c82790	ckpt=/home/ubuntu/data/q48fn-nvfp4	host_bf16_banks=false	indexer_norm_raw=false	mtp_dev1=true	spec_opts=SpecOpts { dynk: None, adapt_k_lo: Some(1), pmin: 0.3 }
# timing lines are UNTUNED EAGER wall clocks under correctness-arm residency — NOT perf claims
# spec-gate k=5 tokens=64: plain greedy vs spec chains, byte identity
prompt	first_divergence	accept_rate	mean_accept_len	hist	spec_ms_per_token	plain_ms_per_token	pass
0	-1	0.724	3.05	4,4,5,5,2,1	10.23	14.73	true
# round-cost	prompt=0	rounds=21	chain_ms=3.58	replay_ms=0.79	verify_ms=25.92	cross_ms=0.022	zero_draft=2	guard_stops=3
1	-1	0.758	3.56	1,4,4,3,4,2	9.80	14.81	true
# round-cost	prompt=1	rounds=18	chain_ms=4.43	replay_ms=0.90	verify_ms=28.37	cross_ms=0.023	zero_draft=0	guard_stops=1
2	-1	0.800	3.76	1,3,3,4,3,3	9.50	14.86	true
# round-cost	prompt=2	rounds=17	chain_ms=4.58	replay_ms=0.93	verify_ms=28.99	cross_ms=0.024	zero_draft=0	guard_stops=1
3	-1	0.803	3.37	3,3,4,2,3,4	10.03	14.87	true
# round-cost	prompt=3	rounds=19	chain_ms=4.11	replay_ms=0.89	verify_ms=27.70	cross_ms=0.023	zero_draft=1	guard_stops=1
# verdict	policy=byte-identity	pass=true
